path	lines	last_commit_iso	commits_24m
includes/abstracts/abstract-ad.php	1181	2026-05-05T13:26:20+03:00	54
includes/class-plugin.php	352	2026-04-15T16:30:05+03:00	48
advanced-ads.php	72	2026-04-27T17:19:33+03:00	30
includes/ads/class-ad-repository.php	507	2026-02-23T19:43:52+05:00	29
includes/class-assets-registry.php	166	2026-05-05T13:26:20+03:00	29
public/class-advanced-ads.php	803	2026-04-27T16:31:53+03:00	28
includes/abstracts/abstract-group.php	794	2026-02-23T19:43:52+05:00	26
includes/admin/class-assets.php	198	2026-03-05T01:22:44+03:00	26
includes/abstracts/abstract-placement.php	430	2026-02-24T00:19:54+05:00	24
includes/utilities/class-wordpress.php	484	2026-02-03T18:43:20+03:00	19
includes/admin/class-ajax.php	918	2026-03-08T11:41:46+03:00	18
includes/admin/class-admin-menu.php	310	2026-02-23T23:53:14+05:00	16
includes/class-constants.php	200	2025-04-30T09:25:02+03:00	16
includes/functions-ad.php	282	2024-08-23T16:27:09+03:00	16
admin/includes/class-licenses.php	687	2026-03-16T22:41:06+03:00	15
assets/dist/admin-common.asset.php	1	2026-03-16T22:41:06+03:00	15
includes/functions-group.php	235	2024-08-23T16:27:09+03:00	15
includes/functions-placement.php	336	2024-08-23T16:27:09+03:00	15
includes/utilities/class-conditional.php	308	2026-02-18T01:42:35+05:00	15
admin/includes/class-notices.php	590	2026-01-19T19:49:50+05:00	13
includes/admin/pages/class-ads-editing.php	219	2026-02-17T05:42:56+05:00	13
includes/groups/class-group-repository.php	322	2026-02-23T19:43:52+05:00	13
includes/traits/class-entity.php	307	2025-02-10T11:01:51+03:00	13
includes/utilities/class-data.php	441	2025-04-30T09:25:02+03:00	13
classes/frontend_checks.php	1259	2025-05-19T20:27:29+05:30	12
includes/admin/pages/class-groups.php	163	2026-02-18T01:42:35+05:00	12
classes/display-conditions.php	1513	2025-08-27T01:03:23+05:30	11
includes/admin/class-version-control.php	221	2026-02-17T05:42:56+05:00	11
includes/admin/pages/class-onboarding.php	266	2026-02-17T05:42:56+05:00	11
includes/functions.php	121	2026-02-24T00:25:43+05:00	11
admin/includes/notices.php	217	2026-01-19T19:49:50+05:00	10
assets/dist/screen-placements-listing.asset.php	1	2026-04-16T18:48:30+03:00	10
assets/dist/screen-support.asset.php	1	2026-04-09T18:03:05+03:00	10
includes/abstracts/abstract-data.php	440	2025-03-25T19:09:40+05:30	10
includes/admin/pages/class-tools.php	92	2026-02-23T23:53:14+05:00	10
includes/importers/class-xml-importer.php	865	2025-03-03T11:22:13+03:00	10
admin/includes/class-overview-widgets.php	271	2024-12-16T10:02:24+01:00	9
classes/ad-health-notices.php	837	2025-03-21T14:06:22+01:00	9
includes/installation/class-compatibility.php	78	2025-03-10T21:05:27+03:00	9
includes/admin/class-wordpress-dashboard.php	151	2025-02-10T14:28:59+03:00	8
includes/frontend/class-ad-display-condition.php	266	2025-05-09T19:00:14+03:00	8
includes/importers/class-wp-quads.php	1146	2025-02-26T09:56:44+01:00	8
includes/placements/class-placement-repository.php	428	2026-02-23T19:43:52+05:00	8
includes/rest/class-onboarding.php	186	2024-11-14T17:54:05+03:00	8
includes/rest/class-placements.php	184	2025-03-28T17:32:07+03:00	8
modules/gadsense/includes/class-mapi.php	1762	2024-11-29T12:02:46+03:00	8
modules/gutenberg/includes/class-gutenberg.php	280	2026-02-12T18:40:31+05:00	8
assets/dist/screen-dashboard.asset.php	1	2026-03-05T01:22:44+03:00	7
assets/dist/screen-tools.asset.php	1	2026-03-05T01:22:44+03:00	7
classes/checks.php	401	2026-03-04T20:14:12+03:00	7
includes/admin/class-addon-updater.php	186	2026-03-04T20:14:12+03:00	7
includes/admin/pages/class-placements.php	168	2026-02-17T05:42:56+05:00	7
includes/frontend/class-scripts.php	147	2026-04-16T14:48:06+03:00	7
includes/importers/class-plugin-exporter.php	359	2024-12-02T11:43:20+01:00	7
modules/gadsense/includes/class-network-adsense.php	573	2024-11-28T14:52:04+03:00	7
modules/one-click/admin/class-admin.php	191	2026-02-17T05:42:56+05:00	7
modules/one-click/admin/class-ajax.php	261	2025-01-14T12:23:21+01:00	7
packages/advanced-ads/framework/src/class-assets-registry.php	228	2026-02-13T06:25:13+05:00	7
views/admin/tools/other-plugin-importer.php	85	2026-02-16T21:27:17+05:00	7
assets/dist/notifications.asset.php	1	2026-03-05T01:22:44+03:00	6
assets/dist/screen-groups-listing.asset.php	1	2026-03-05T01:22:44+03:00	6
assets/dist/screen-settings.asset.php	1	2026-03-05T01:22:44+03:00	6
classes/visitor-conditions.php	515	2025-01-23T14:44:44+03:00	6
includes/abstracts/abstract-admin-list-table.php	206	2026-02-16T21:27:17+05:00	6
includes/admin/class-metabox-ad-settings.php	133	2025-04-25T11:19:52+03:00	6
includes/ads/types/type-plain.php	235	2025-02-24T12:27:39+01:00	6
includes/class-entities.php	250	2026-03-05T01:22:44+03:00	6
includes/class-shortcodes.php	220	2026-04-27T16:27:18+03:00	6
includes/class-upgrades.php	89	2025-04-25T11:19:52+03:00	6
includes/frontend/class-debug-ads.php	347	2025-01-06T10:38:29+01:00	6
includes/importers/class-api-ads.php	531	2025-01-14T12:23:21+01:00	6
modules/one-click/modules/class-workflow.php	180	2025-01-14T12:23:21+01:00	6
tests/Unit/Ads/CRUDTest.php	154	2026-04-14T19:05:42+03:00	6
tests/Unit/Ads/FactoryTest.php	126	2026-04-14T19:05:42+03:00	6
tests/Unit/Ads/TypesTest.php	87	2026-04-14T19:05:42+03:00	6
views/admin/placements/create-modal/placement-types.php	40	2025-03-25T22:30:46+05:30	6
views/admin/screens/dashboard.php	20	2026-03-08T11:43:43+03:00	6
views/admin/support/create-ticket.php	96	2026-03-17T23:16:19+03:00	6
admin/views/placement-injection-top.php	197	2025-03-27T16:38:07+03:00	5
assets/dist/screen-ads-editing.asset.php	1	2026-03-05T01:22:44+03:00	5
assets/dist/screen-ads-listing.asset.php	1	2026-03-05T01:22:44+03:00	5
assets/dist/wp-dashboard.asset.php	1	2026-03-05T01:22:44+03:00	5
classes/utils.php	292	2024-07-11T16:12:55+03:00	5
includes/admin/class-addon-box.php	749	2025-02-20T14:10:44+01:00	5
includes/admin/class-metabox-ad.php	454	2024-11-07T13:20:09+03:00	5
includes/admin/class-settings.php	703	2025-02-24T12:27:39+01:00	5
includes/admin/pages/class-ads.php	105	2026-02-14T19:00:36+05:00	5
includes/admin/pages/class-dashboard.php	100	2026-02-14T19:00:36+05:00	5
includes/admin/pages/class-settings.php	89	2026-02-14T19:00:36+05:00	5
includes/ads/class-ad-group.php	49	2026-02-03T02:45:12+03:00	5
includes/importers/class-google-sheet.php	365	2026-02-03T18:43:20+03:00	5
includes/importers/class-manager.php	234	2025-05-06T09:57:18+03:00	5
modules/gadsense/includes/class-ad-type-adsense.php	394	2026-02-10T00:30:22+05:00	5
modules/privacy/classes/class-privacy.php	272	2025-05-19T20:27:29+05:30	5
tests/Unit/Groups/CRUDTest.php	126	2026-04-14T19:05:42+03:00	5
tests/Unit/Groups/FactoryTest.php	126	2026-04-14T19:05:42+03:00	5
tests/Unit/Groups/TypesTest.php	85	2026-04-14T19:05:42+03:00	5
tests/Unit/Utilities/WordPressTest.php	30	2026-04-14T19:05:42+03:00	5
views/admin/bulk-edit.php	74	2026-02-18T17:01:53+05:00	5
views/admin/metaboxes/ads/ad-layout.php	108	2025-02-05T13:56:55+05:30	5
views/admin/support/page.php	40	2026-03-16T22:41:06+03:00	5
views/admin/tools/import-history.php	59	2025-02-10T11:54:05+01:00	5
includes/abstracts/abstract-types.php	194	2026-02-17T05:42:56+05:00	4
includes/admin/class-authors.php	195	2025-02-24T12:27:39+01:00	4
includes/admin/class-misc.php	279	2025-03-27T14:45:21+03:00	4
includes/admin/class-plugin-installer.php	110	2025-01-16T15:31:57+03:00	4
includes/admin/class-screen-options.php	190	2026-02-17T05:42:56+05:00	4
includes/admin/groups/class-list-table.php	358	2026-03-26T13:31:04+03:00	4
includes/ads/class-ad-factory.php	123	2026-02-16T21:27:17+05:00	4
includes/ads/class-ad-plain.php	82	2025-02-24T12:27:39+01:00	4
includes/class-content-injector.php	833	2026-04-16T18:48:30+03:00	4
includes/frontend/class-ad-renderer.php	76	2024-11-20T13:23:28+03:00	4
includes/importers/class-ads-wp-ads.php	492	2026-03-05T02:16:22+03:00	4
includes/importers/class-amp-wp-ads.php	1142	2026-04-06T17:02:01+03:00	4
includes/importers/class-tutorials.php	115	2025-02-26T10:53:27+01:00	4
includes/installation/class-uninstall.php	176	2025-01-06T13:19:20+01:00	4
modules/adblock-finder/public/public.php	71	2025-05-19T20:27:29+05:30	4
modules/one-click/class-helpers.php	220	2025-01-14T12:23:21+01:00	4
modules/pef/main.php	18	2024-11-14T17:54:05+03:00	4
packages/advanced-ads/framework/src/class-updates.php	150	2025-12-25T16:21:07+03:00	4
packages/advanced-ads/framework/src/utilities/class-arr.php	242	2025-01-30T11:07:47+03:00	4
tests/Unit/Placements/FactoryTest.php	154	2026-04-14T19:05:42+03:00	4
tests/Unit/Placements/TypesTest.php	88	2026-04-14T19:05:42+03:00	4
upgrades/upgrade-2.0.0.php	134	2025-02-24T12:17:27+01:00	4
views/admin/header.php	46	2026-03-16T22:41:06+03:00	4
views/admin/metaboxes/ads/ad-types.php	68	2024-11-21T17:15:31+03:00	4
views/admin/quick-edit.php	58	2026-04-23T15:46:12+03:00	4
views/admin/screens/settings.php	58	2026-03-16T22:41:06+03:00	4
views/admin/support/articles.php	40	2026-03-16T22:41:06+03:00	4
views/admin/support/getting-started.php	41	2026-03-16T22:41:06+03:00	4
views/admin/support/latest-tutorials.php	40	2026-03-16T22:41:06+03:00	4
views/admin/support/need-help-paid.php	28	2026-03-16T22:41:06+03:00	4
views/admin/support/need-help.php	36	2026-03-16T22:41:06+03:00	4
views/admin/widgets/wordpress-dashboard/rss.php	17	2024-11-12T14:58:05+01:00	4
admin/includes/ad-health-notices.php	503	2025-02-07T10:55:13+01:00	3
admin/views/overview-notice-row.php	35	2025-02-07T10:55:13+01:00	3
assets/dist/advanced.asset.php	1	2026-03-05T01:22:44+03:00	3
assets/dist/commands.asset.php	1	2026-03-05T20:32:24+03:00	3
assets/dist/post-quick-edit.asset.php	1	2026-03-05T01:22:44+03:00	3
deprecated/ad.php	16	2024-06-04T09:55:49+02:00	3
deprecated/ad_placements.php	15	2024-06-04T09:55:49+02:00	3
includes/abstracts/abstract-factory.php	40	2025-03-20T17:33:45+03:00	3
includes/abstracts/abstract-screen.php	244	2026-02-14T19:00:36+05:00	3
includes/admin/class-edd-updater.php	759	2026-02-13T06:25:13+05:00	3
includes/admin/class-list-filters.php	551	2026-04-23T15:46:12+03:00	3
includes/admin/class-post-types.php	213	2026-03-08T11:41:46+03:00	3
includes/admin/class-upgrades.php	202	2025-02-26T09:37:25+01:00	3
includes/admin/placements/class-list-table.php	334	2026-02-18T01:42:35+05:00	3
includes/class-options.php	223	2024-07-29T13:17:04+03:00	3
includes/compatibility/class-compatibility.php	263	2025-06-24T11:09:47+05:30	3
includes/compatibility/class-peepso.php	221	2025-03-20T17:33:45+03:00	3
includes/crons/class-ads.php	93	2026-02-23T20:01:02+05:00	3
includes/default-hooks.php	15	2026-02-03T17:43:36+03:00	3
includes/functions-conditional.php	84	2024-06-04T09:55:49+02:00	3
includes/groups/class-group-factory.php	120	2024-07-24T00:17:58+03:00	3
includes/importers/class-ad-inserter.php	615	2026-03-05T00:26:27+03:00	3
includes/importers/class-quick-adsense.php	318	2025-02-06T14:17:38+03:00	3
includes/placements/class-placement-factory.php	121	2024-07-24T00:17:58+03:00	3
includes/placements/types/class-after-content.php	101	2026-02-17T05:42:56+05:00	3
includes/placements/types/class-before-content.php	101	2026-02-17T05:42:56+05:00	3
includes/placements/types/class-content.php	101	2026-02-17T05:42:56+05:00	3
includes/placements/types/class-footer.php	94	2026-02-17T05:42:56+05:00	3
includes/placements/types/class-header.php	94	2026-02-17T05:42:56+05:00	3
includes/placements/types/class-sidebar-widget.php	100	2026-02-17T05:42:56+05:00	3
includes/placements/types/class-standard.php	100	2026-02-17T05:42:56+05:00	3
includes/traits/class-wrapper.php	146	2026-02-03T02:45:12+03:00	3
includes/utilities/class-sanitize.php	82	2024-10-30T02:24:59+03:00	3
includes/utilities/class-validation.php	100	2024-06-04T09:55:49+02:00	3
modules/ads-txt/admin/class-advanced-ads-ads-txt-admin.php	487	2024-11-29T12:02:46+03:00	3
modules/ads-txt/public/class-advanced-ads-ads-txt-public.php	172	2025-02-26T14:45:10+01:00	3
modules/gadsense/admin/admin.php	282	2024-11-29T12:02:46+03:00	3
modules/gadsense/admin/views/adsense-account.php	325	2024-11-14T17:42:08+03:00	3
modules/gadsense/admin/views/adsense-ad-parameters.php	198	2026-01-29T16:54:06+05:00	3
modules/gadsense/includes/class-gadsense-data.php	162	2024-06-04T09:55:49+02:00	3
modules/gadsense/public/public.php	214	2025-05-19T20:27:29+05:30	3
modules/one-click/modules/adstxt/class-detector.php	136	2025-01-14T12:23:21+01:00	3
modules/pef/class-module.php	206	2025-04-08T19:23:01+03:00	3
public/views/ad-debug.php	27	2025-05-19T20:27:29+05:30	3
tests/Unit/Ads/Concrete/AdPlainTest.php	247	2026-03-08T11:37:47+03:00	3
tests/Unit/Ads/ManagerTest.php	21	2026-03-08T11:37:47+03:00	3
tests/Unit/Groups/ManagerTest.php	21	2026-03-08T11:37:47+03:00	3
tests/Unit/Importers/ApiTest.php	350	2026-04-14T19:05:42+03:00	3
tests/Unit/Placements/CRUDTest.php	143	2026-04-14T19:05:42+03:00	3
tests/Unit/Placements/PlacementTest.php	58	2026-03-08T11:37:47+03:00	3
tests/bootstrap.php	37	2026-03-08T11:37:47+03:00	3
views/admin/ads/submitbox-meta.php	63	2025-08-27T01:04:31+05:30	3
views/admin/support/faqs.php	85	2026-03-16T22:41:06+03:00	3
views/admin/welcome-box.php	36	2024-07-04T16:32:59+03:00	3
views/admin/widgets/aa-dashboard/next-steps/newsletter.php	77	2025-02-03T17:39:30+05:30	3
views/admin/widgets/aa-dashboard/support.php	46	2024-11-18T17:19:46+01:00	3
admin/includes/class-ad-network-ad-unit.php	115	2026-01-19T18:29:50+05:00	2
admin/includes/class-ad-network.php	468	2024-11-25T09:53:27+03:00	2
admin/views/ad-conditions-string-operators.php	24	2026-02-10T00:30:22+05:00	2
admin/views/checks.php	40	2026-03-13T14:30:49+03:00	2
admin/views/conditions/condition-author.php	74	2024-11-28T14:52:04+03:00	2
admin/views/modal.php	79	2026-02-18T01:42:35+05:00	2
admin/views/placements-item.php	70	2024-11-28T14:52:04+03:00	2
classes/inline-css.php	123	2024-10-25T05:52:52+03:00	2
deprecated/Group_Repository.php	35	2024-06-04T09:55:49+02:00	2
deprecated/ad-model.php	21	2025-03-18T11:23:42+01:00	2
deprecated/ad_group.php	16	2024-06-04T09:55:49+02:00	2
deprecated/class-admin.php	44	2025-03-07T12:28:41+01:00	2
deprecated/in-content-injector.php	53	2026-04-15T16:30:05+03:00	2
includes/abstracts/abstract-placement-type.php	174	2026-02-17T05:42:56+05:00	2
includes/admin/ads/class-list-table.php	476	2026-02-18T17:01:53+05:00	2
includes/admin/class-admin-notices.php	80	2025-02-24T10:02:02+03:00	2
includes/admin/class-post-list.php	192	2025-01-29T19:01:22+03:00	2
includes/admin/class-welcome.php	76	2024-07-04T16:32:59+03:00	2
includes/admin/pages/class-support.php	117	2026-03-16T22:41:06+03:00	2
includes/admin/placements/class-ajax.php	100	2026-02-17T05:42:56+05:00	2
includes/admin/placements/class-edit-modal.php	395	2026-04-16T18:48:30+03:00	2
includes/admin/placements/class-quick-edit.php	74	2026-04-15T16:30:05+03:00	2
includes/class-post-data.php	53	2025-08-13T11:55:35+03:00	2
includes/class-widget.php	303	2025-07-28T16:47:21+05:30	2
includes/compatibility/class-aawp.php	59	2025-02-28T10:15:20+01:00	2
includes/compatibility/class-admin-compatibility.php	103	2026-02-23T19:43:52+05:00	2
includes/compatibility/class-capability-manager.php	157	2025-02-10T14:28:59+03:00	2
includes/frontend/class-manager.php	67	2025-05-09T19:00:14+03:00	2
includes/frontend/class-stats.php	74	2024-12-02T16:28:13+03:00	2
includes/groups/class-group-ad-relation.php	123	2026-03-08T11:41:46+03:00	2
includes/groups/types/type-unknown.php	92	2026-02-17T05:42:56+05:00	2
includes/importers/abstract-importer.php	104	2026-03-05T00:26:27+03:00	2
includes/license/class-license.php	140	2026-03-08T11:37:47+03:00	2
includes/placements/types/class-unknown.php	112	2026-02-17T05:42:56+05:00	2
includes/rest/class-groups.php	169	2025-02-10T14:28:59+03:00	2
includes/rest/class-page-quick-edit.php	60	2024-11-23T05:28:27+03:00	2
modules/ad-blocker/admin/admin.php	556	2025-02-24T12:02:09+01:00	2
modules/adblock-finder/admin/admin.php	70	2024-11-23T05:28:27+03:00	2
modules/adblock-finder/admin/views/setting-ga.php	26	2024-11-28T14:52:04+03:00	2
modules/gadsense/admin/views/connect-adsense.php	148	2024-11-28T14:52:04+03:00	2
modules/gadsense/includes/class-adsense-report-data.php	333	2025-02-17T10:58:55+01:00	2
modules/gadsense/includes/class-adsense-report.php	176	2025-02-17T10:58:55+01:00	2
modules/one-click/modules/adstxt/class-adstxt.php	66	2024-08-21T16:07:22+03:00	2
modules/one-click/modules/class-header-bidding.php	107	2024-08-22T14:42:32+03:00	2
modules/pef/views/template.php	138	2025-04-08T19:23:01+03:00	2
modules/privacy/admin/admin.php	212	2024-12-17T15:49:05+03:00	2
modules/privacy/admin/views/setting-general.php	115	2024-12-17T15:31:28+03:00	2
packages/advanced-ads/framework/src/form/class-field.php	189	2026-02-13T06:25:13+05:00	2
packages/advanced-ads/framework/src/utilities/class-params.php	141	2025-02-28T14:00:51+03:00	2
tests/Unit/Core/InContentInjectorXPathTest.php	163	2026-04-16T14:48:06+03:00	2
tests/Unit/Placements/ManagerTest.php	21	2026-03-08T11:37:47+03:00	2
upgrades/upgrade-1.52.1.php	41	2024-07-02T12:42:22+02:00	2
views/admin/ads/info-bottom.php	34	2026-02-14T19:00:36+05:00	2
views/admin/groups/filters.php	39	2026-02-18T17:01:53+05:00	2
views/admin/groups/page.php	19	2026-02-18T17:01:53+05:00	2
views/admin/page-bulk-edit.php	47	2025-02-04T09:53:53+03:00	2
views/admin/page-quick-edit.php	36	2025-02-04T09:53:53+03:00	2
views/admin/placements/edit-modal/fields/content-index.php	55	2026-04-16T18:48:30+03:00	2
views/admin/screen-options.php	27	2026-02-17T05:42:56+05:00	2
views/admin/support/arrow.php	20	2026-04-14T19:05:42+03:00	2
views/admin/support/faqs/activate-license.php	38	2026-03-08T11:37:47+03:00	2
views/admin/support/faqs/cached-websites.php	21	2026-03-08T11:37:47+03:00	2
views/admin/support/faqs/manage-ads-across-multiple-installations.php	21	2026-03-08T11:37:47+03:00	2
views/admin/support/faqs/prevent-click-fraud.php	21	2026-03-08T11:37:47+03:00	2
views/admin/support/faqs/share-statistics.php	21	2026-03-08T11:37:47+03:00	2
views/admin/support/faqs/subscription-not-working.php	21	2026-03-08T11:37:47+03:00	2
views/admin/support/faqs/video-ads.php	46	2026-03-08T11:37:47+03:00	2
views/admin/support/videos.php	50	2026-03-16T22:41:06+03:00	2
views/admin/tables/ads/column-type.php	37	2025-02-24T12:27:39+01:00	2
views/admin/widgets/aa-dashboard/next-steps/widget.php	61	2024-11-12T14:58:05+01:00	2
views/admin/widgets/aa-dashboard/overview-notices.php	41	2025-02-07T10:55:13+01:00	2
views/admin/widgets/wordpress-dashboard/header.php	31	2024-11-14T17:42:08+03:00	2
views/admin/widgets/wordpress-dashboard/newsletter.php	51	2024-11-14T17:42:08+03:00	2
views/admin/widgets/wordpress-dashboard/performing-ads.php	59	2024-09-18T16:28:04+02:00	2
admin/includes/class-plugins-screen-updates.php	138	2026-04-06T17:04:02+03:00	1
admin/views/ad-list/preview-image.php	26	2026-02-03T18:43:20+03:00	1
admin/views/conditions/condition-device.php	35	2024-12-02T17:25:25+03:00	1
admin/views/conditions/condition-is-or-not.php	32	2024-10-16T12:37:59+02:00	1
admin/views/conditions/condition-operator.php	15	2024-11-28T14:52:04+03:00	1
admin/views/conditions/conditions-form.php	49	2026-02-03T18:43:20+03:00	1
admin/views/conditions/display-conditions-list.php	100	2024-11-28T14:52:04+03:00	1
admin/views/conditions/no-option.php	21	2024-11-14T17:42:08+03:00	1
admin/views/conditions/visitor-conditions-list.php	54	2024-12-04T09:06:34+03:00	1
admin/views/notices/error.php	18	2024-12-04T09:06:34+03:00	1
admin/views/notices/info.php	29	2024-11-29T12:02:46+03:00	1
admin/views/notices/inline.php	22	2024-09-05T11:33:17+02:00	1
admin/views/notices/promo.php	46	2024-11-29T12:02:46+03:00	1
admin/views/notices/starter-setup-success.php	30	2024-12-04T09:06:34+03:00	1
admin/views/notices/subscribe.php	20	2024-09-05T11:33:17+02:00	1
admin/views/overview-addons-line.php	26	2026-02-03T18:43:20+03:00	1
admin/views/overview-widget.php	16	2024-11-18T17:19:46+01:00	1
admin/views/placement-form.php	79	2024-11-14T17:42:08+03:00	1
admin/views/placements-ad-label.php	24	2024-11-28T14:52:04+03:00	1
admin/views/placements-inline-css.php	15	2024-11-28T14:52:04+03:00	1
admin/views/post-list-filter-dropdown.php	29	2026-02-03T18:43:20+03:00	1
admin/views/setting-license.php	102	2024-11-14T17:42:08+03:00	1
admin/views/support-callout.php	18	2024-07-05T02:36:47+03:00	1
admin/views/upgrades/adsense-amp.php	16	2024-11-21T17:15:31+03:00	1
admin/views/upgrades/pro-placements.php	96	2024-11-21T17:15:31+03:00	1
admin/views/upgrades/repeat-the-position.php	13	2024-11-21T17:15:31+03:00	1
assets/dist/frontend-picker.asset.php	1	2026-04-16T14:48:06+03:00	1
deprecated/Ad_Repository.php	27	2024-06-04T09:55:49+02:00	1
deprecated/ad-ajax.php	15	2024-06-07T20:39:24+03:00	1
deprecated/ad-debug.php	15	2024-06-04T09:55:49+02:00	1
deprecated/ad-select.php	150	2024-06-04T09:55:49+02:00	1
deprecated/ad_type_abstract.php	16	2024-06-04T09:55:49+02:00	1
deprecated/class-advanced-ads-plugin.php	69	2025-03-07T12:28:41+01:00	1
deprecated/deprecated-functions.php	52	2024-06-04T09:55:49+02:00	1
includes/admin/ads/class-ajax.php	27	2026-02-16T21:27:17+05:00	1
includes/admin/ads/class-quick-bulk-edit.php	374	2026-02-18T17:01:53+05:00	1
includes/admin/class-action-links.php	175	2024-07-05T02:36:47+03:00	1
includes/admin/class-page-quick-edit.php	134	2024-07-29T22:45:27+03:00	1
includes/admin/class-shortcode-creator.php	202	2024-06-27T01:43:28+03:00	1
includes/admin/class-system-info.php	291	2024-11-28T14:52:04+03:00	1
includes/admin/class-translation-promo.php	456	2024-12-04T09:06:34+03:00	1
includes/admin/groups/class-ajax.php	27	2026-02-16T21:27:17+05:00	1
includes/admin/groups/class-create-modal.php	47	2026-02-18T01:42:35+05:00	1
includes/admin/groups/class-edit-modal.php	37	2026-02-18T01:42:35+05:00	1
includes/admin/placements/class-bulk-edit.php	108	2026-02-14T19:00:36+05:00	1
includes/admin/placements/class-create-modal.php	56	2026-02-14T19:00:36+05:00	1
includes/ads/class-ad-content.php	65	2024-06-04T09:55:49+02:00	1
includes/ads/class-ad-dummy.php	57	2024-06-04T09:55:49+02:00	1
includes/ads/class-ad-group-relation.php	114	2025-04-25T11:19:52+03:00	1
includes/ads/class-ad-image.php	88	2024-06-04T09:55:49+02:00	1
includes/ads/types/type-content.php	161	2025-07-31T15:15:21+03:00	1
includes/ads/types/type-group.php	125	2024-06-04T09:55:49+02:00	1
includes/ads/types/type-unknown.php	130	2025-02-28T10:15:20+01:00	1
includes/array_ad_conditions.php	95	2024-07-03T23:55:47+03:00	1
includes/class-modal.php	106	2024-07-05T02:36:47+03:00	1
includes/class-modules.php	92	2024-08-01T18:12:45+03:00	1
includes/compatibility/class-aawp-ad.php	59	2025-02-28T10:15:20+01:00	1
includes/compatibility/class-inline-js.php	115	2024-07-05T02:36:47+03:00	1
includes/compatibility/class-peepso-ad.php	88	2025-02-28T10:15:20+01:00	1
includes/functions-components.php	45	2026-02-23T23:53:14+05:00	1
includes/groups/class-group-slider.php	60	2026-02-03T02:45:12+03:00	1
includes/groups/types/type-grid.php	75	2026-02-16T21:27:17+05:00	1
includes/groups/types/type-ordered.php	75	2026-02-16T21:27:17+05:00	1
includes/groups/types/type-slider.php	75	2026-02-16T21:27:17+05:00	1
includes/groups/types/type-standard.php	75	2026-02-16T21:27:17+05:00	1
includes/importers/class-xml-encoder.php	347	2024-08-26T14:38:34+03:00	1
includes/installation/class-capabilities.php	169	2024-12-03T12:06:20+01:00	1
includes/installation/class-install.php	64	2025-02-28T14:46:26+01:00	1
includes/interfaces/interface-ad.php	25	2024-06-04T09:55:49+02:00	1
includes/interfaces/interface-entity.php	39	2026-02-03T02:45:12+03:00	1
includes/interfaces/interface-module.php	52	2024-08-01T18:12:45+03:00	1
includes/interfaces/interface-placement-type.php	75	2025-03-25T22:30:46+05:30	1
includes/placements/class-placement-types.php	114	2026-02-17T05:42:56+05:00	1
includes/rest/class-utilities.php	50	2024-09-18T16:22:03+02:00	1
includes/traits/class-extras.php	65	2024-07-05T02:36:47+03:00	1
includes/utilities/class-content-injection.php	64	2024-06-04T09:55:49+02:00	1
includes/utilities/class-testing.php	96	2024-11-18T13:00:04+03:00	1
modules/ad-blocker/admin/views/rebuild_form.php	75	2025-02-24T12:02:09+01:00	1
modules/ad-blocker/admin/views/setting-use-adblocker.php	37	2024-11-14T17:42:08+03:00	1
modules/ad-blocker/classes/plugin.php	176	2024-07-05T02:36:47+03:00	1
modules/ad-positioning/views/ad-spacing.php	49	2024-12-04T09:06:34+03:00	1
modules/ads-txt/admin/views/setting-additional-content.php	44	2024-11-14T17:42:08+03:00	1
modules/ads-txt/admin/views/setting-create.php	41	2024-12-04T09:06:34+03:00	1
modules/ads-txt/main.php	29	2024-05-19T22:11:37+03:00	1
modules/gadsense/admin/views/external-ads-links.php	60	2024-12-04T09:06:34+03:00	1
modules/gadsense/admin/views/external-ads-list.php	138	2024-12-04T09:06:34+03:00	1
modules/gadsense/config.php	19	2025-02-10T10:03:44+01:00	1
modules/gadsense/includes/adsense-report-api.php	172	2024-11-14T17:42:08+03:00	1
modules/one-click/class-options.php	59	2024-08-22T14:42:32+03:00	1
modules/one-click/class-page-parser.php	139	2024-11-23T05:28:27+03:00	1
packages/advanced-ads/framework/src/assets.php	59	2026-02-13T06:25:13+05:00	1
packages/advanced-ads/framework/src/form/class-field-checkbox.php	49	2026-02-13T06:25:13+05:00	1
packages/advanced-ads/framework/src/form/class-field-color.php	31	2026-02-13T06:25:13+05:00	1
packages/advanced-ads/framework/src/form/class-field-group.php	40	2026-02-13T06:25:13+05:00	1
packages/advanced-ads/framework/src/form/class-field-image-selector.php	87	2026-02-13T06:25:13+05:00	1
packages/advanced-ads/framework/src/form/class-field-position.php	45	2026-02-13T06:25:13+05:00	1
packages/advanced-ads/framework/src/form/class-field-radio-button.php	48	2026-02-13T06:25:13+05:00	1
packages/advanced-ads/framework/src/form/class-field-radio.php	47	2026-02-13T06:25:13+05:00	1
packages/advanced-ads/framework/src/form/class-field-raw.php	32	2026-02-13T06:25:13+05:00	1
packages/advanced-ads/framework/src/form/class-field-select.php	74	2026-02-13T06:25:13+05:00	1
packages/advanced-ads/framework/src/form/class-field-size.php	41	2026-02-13T06:25:13+05:00	1
packages/advanced-ads/framework/src/form/class-field-switch.php	35	2026-02-13T06:25:13+05:00	1
packages/advanced-ads/framework/src/form/class-field-text.php	32	2026-02-13T06:25:13+05:00	1
packages/advanced-ads/framework/src/form/class-field-textarea.php	34	2026-02-13T06:25:13+05:00	1
packages/advanced-ads/framework/src/form/class-form.php	147	2026-02-13T06:25:13+05:00	1
packages/advanced-ads/framework/src/installation/class-install.php	152	2024-08-01T22:43:23+03:00	1
packages/advanced-ads/framework/src/interfaces/interface-initializer.php	25	2024-11-27T09:59:48+03:00	1
packages/advanced-ads/framework/src/interfaces/interface-integration.php	25	2024-11-27T09:59:48+03:00	1
packages/advanced-ads/framework/src/interfaces/interface-routes.php	25	2024-11-27T09:59:48+03:00	1
packages/advanced-ads/framework/src/utilities/class-formatting.php	145	2024-06-10T12:01:43+02:00	1
packages/advanced-ads/framework/src/utilities/class-html.php	103	2024-06-10T12:01:43+02:00	1
packages/advanced-ads/framework/src/utilities/class-str.php	146	2024-06-10T12:01:43+02:00	1
packages/autoload.php	22	2025-05-21T16:33:39+03:00	1
packages/mobiledetect/mobiledetectlib/src/MobileDetect.php	1419	2025-01-14T12:23:21+01:00	1
packages/woocommerce/action-scheduler/action-scheduler.php	70	2025-11-13T17:48:46+05:30	1
packages/woocommerce/action-scheduler/classes/ActionScheduler_ActionClaim.php	45	2025-11-13T17:48:46+05:30	1
packages/woocommerce/action-scheduler/classes/ActionScheduler_ActionFactory.php	378	2025-11-13T17:48:46+05:30	1
packages/woocommerce/action-scheduler/classes/ActionScheduler_AdminView.php	311	2025-11-13T17:48:46+05:30	1
packages/woocommerce/action-scheduler/classes/ActionScheduler_AsyncRequest_QueueRunner.php	93	2025-11-13T17:48:46+05:30	1
packages/woocommerce/action-scheduler/classes/ActionScheduler_Compatibility.php	111	2025-11-13T17:48:46+05:30	1
packages/woocommerce/action-scheduler/classes/ActionScheduler_DataController.php	210	2025-11-13T17:48:46+05:30	1
packages/woocommerce/action-scheduler/classes/ActionScheduler_DateTime.php	79	2025-11-13T17:48:46+05:30	1
packages/woocommerce/action-scheduler/classes/ActionScheduler_Exception.php	11	2025-11-13T17:48:46+05:30	1
packages/woocommerce/action-scheduler/classes/ActionScheduler_FatalErrorMonitor.php	98	2025-11-13T17:48:46+05:30	1
packages/woocommerce/action-scheduler/classes/ActionScheduler_InvalidActionException.php	47	2025-11-13T17:48:46+05:30	1
packages/woocommerce/action-scheduler/classes/ActionScheduler_ListTable.php	675	2025-11-13T17:48:46+05:30	1
packages/woocommerce/action-scheduler/classes/ActionScheduler_LogEntry.php	78	2025-11-13T17:48:46+05:30	1
packages/woocommerce/action-scheduler/classes/ActionScheduler_NullLogEntry.php	18	2025-11-13T17:48:46+05:30	1
packages/woocommerce/action-scheduler/classes/ActionScheduler_OptionLock.php	136	2025-11-13T17:48:46+05:30	1
packages/woocommerce/action-scheduler/classes/ActionScheduler_QueueCleaner.php	254	2025-11-13T17:48:46+05:30	1
packages/woocommerce/action-scheduler/classes/ActionScheduler_QueueRunner.php	254	2025-11-13T17:48:46+05:30	1
packages/woocommerce/action-scheduler/classes/ActionScheduler_RecurringActionScheduler.php	81	2025-11-13T17:48:46+05:30	1
packages/woocommerce/action-scheduler/classes/ActionScheduler_SystemInformation.php	93	2025-11-13T17:48:46+05:30	1
packages/woocommerce/action-scheduler/classes/ActionScheduler_Versions.php	151	2025-11-13T17:48:46+05:30	1
packages/woocommerce/action-scheduler/classes/ActionScheduler_WPCommentCleaner.php	133	2025-11-13T17:48:46+05:30	1
packages/woocommerce/action-scheduler/classes/ActionScheduler_wcSystemStatus.php	165	2025-11-13T17:48:46+05:30	1
packages/woocommerce/action-scheduler/classes/WP_CLI/Action/Cancel_Command.php	120	2025-11-13T17:48:46+05:30	1
packages/woocommerce/action-scheduler/classes/WP_CLI/Action/Create_Command.php	153	2025-11-13T17:48:46+05:30	1
packages/woocommerce/action-scheduler/classes/WP_CLI/Action/Delete_Command.php	108	2025-11-13T17:48:46+05:30	1
packages/woocommerce/action-scheduler/classes/WP_CLI/Action/Generate_Command.php	121	2025-11-13T17:48:46+05:30	1
packages/woocommerce/action-scheduler/classes/WP_CLI/Action/Get_Command.php	75	2025-11-13T17:48:46+05:30	1
packages/woocommerce/action-scheduler/classes/WP_CLI/Action/List_Command.php	133	2025-11-13T17:48:46+05:30	1
packages/woocommerce/action-scheduler/classes/WP_CLI/Action/Next_Command.php	71	2025-11-13T17:48:46+05:30	1
packages/woocommerce/action-scheduler/classes/WP_CLI/Action/Run_Command.php	194	2025-11-13T17:48:46+05:30	1
packages/woocommerce/action-scheduler/classes/WP_CLI/ActionScheduler_WPCLI_Clean_Command.php	123	2025-11-13T17:48:46+05:30	1
packages/woocommerce/action-scheduler/classes/WP_CLI/ActionScheduler_WPCLI_QueueRunner.php	195	2025-11-13T17:48:46+05:30	1
packages/woocommerce/action-scheduler/classes/WP_CLI/ActionScheduler_WPCLI_Scheduler_command.php	202	2025-11-13T17:48:46+05:30	1
packages/woocommerce/action-scheduler/classes/WP_CLI/Action_Command.php	353	2025-11-13T17:48:46+05:30	1
packages/woocommerce/action-scheduler/classes/WP_CLI/Migration_Command.php	190	2025-11-13T17:48:46+05:30	1
packages/woocommerce/action-scheduler/classes/WP_CLI/ProgressBar.php	139	2025-11-13T17:48:46+05:30	1
packages/woocommerce/action-scheduler/classes/WP_CLI/System_Command.php	282	2025-11-13T17:48:46+05:30	1
packages/woocommerce/action-scheduler/classes/abstracts/ActionScheduler.php	403	2025-11-13T17:48:46+05:30	1
packages/woocommerce/action-scheduler/classes/abstracts/ActionScheduler_Abstract_ListTable.php	797	2025-11-13T17:48:46+05:30	1
packages/woocommerce/action-scheduler/classes/abstracts/ActionScheduler_Abstract_QueueRunner.php	384	2025-11-13T17:48:46+05:30	1
packages/woocommerce/action-scheduler/classes/abstracts/ActionScheduler_Abstract_RecurringSchedule.php	112	2025-11-13T17:48:46+05:30	1
packages/woocommerce/action-scheduler/classes/abstracts/ActionScheduler_Abstract_Schedule.php	89	2025-11-13T17:48:46+05:30	1
packages/woocommerce/action-scheduler/classes/abstracts/ActionScheduler_Abstract_Schema.php	187	2025-11-13T17:48:46+05:30	1
packages/woocommerce/action-scheduler/classes/abstracts/ActionScheduler_Lock.php	74	2025-11-13T17:48:46+05:30	1
packages/woocommerce/action-scheduler/classes/abstracts/ActionScheduler_Logger.php	258	2025-11-13T17:48:46+05:30	1
packages/woocommerce/action-scheduler/classes/abstracts/ActionScheduler_Store.php	506	2025-11-13T17:48:46+05:30	1
packages/woocommerce/action-scheduler/classes/abstracts/ActionScheduler_TimezoneHelper.php	162	2025-11-13T17:48:46+05:30	1
packages/woocommerce/action-scheduler/classes/abstracts/ActionScheduler_WPCLI_Command.php	83	2025-11-13T17:48:46+05:30	1
packages/woocommerce/action-scheduler/classes/actions/ActionScheduler_Action.php	191	2025-11-13T17:48:46+05:30	1
packages/woocommerce/action-scheduler/classes/actions/ActionScheduler_CanceledAction.php	25	2025-11-13T17:48:46+05:30	1
packages/woocommerce/action-scheduler/classes/actions/ActionScheduler_FinishedAction.php	21	2025-11-13T17:48:46+05:30	1
packages/woocommerce/action-scheduler/classes/actions/ActionScheduler_NullAction.php	25	2025-11-13T17:48:46+05:30	1
packages/woocommerce/action-scheduler/classes/data-stores/ActionScheduler_DBLogger.php	154	2025-11-13T17:48:46+05:30	1
packages/woocommerce/action-scheduler/classes/data-stores/ActionScheduler_DBStore.php	1342	2025-11-13T17:48:46+05:30	1
packages/woocommerce/action-scheduler/classes/data-stores/ActionScheduler_HybridStore.php	460	2025-11-13T17:48:46+05:30	1
packages/woocommerce/action-scheduler/classes/data-stores/ActionScheduler_wpCommentLogger.php	282	2025-11-13T17:48:46+05:30	1
packages/woocommerce/action-scheduler/classes/data-stores/ActionScheduler_wpPostStore.php	1105	2025-11-13T17:48:46+05:30	1
packages/woocommerce/action-scheduler/classes/data-stores/ActionScheduler_wpPostStore_PostStatusRegistrar.php	63	2025-11-13T17:48:46+05:30	1
packages/woocommerce/action-scheduler/classes/data-stores/ActionScheduler_wpPostStore_PostTypeRegistrar.php	53	2025-11-13T17:48:46+05:30	1
packages/woocommerce/action-scheduler/classes/data-stores/ActionScheduler_wpPostStore_TaxonomyRegistrar.php	33	2025-11-13T17:48:46+05:30	1
packages/woocommerce/action-scheduler/classes/migration/ActionMigrator.php	126	2025-11-13T17:48:46+05:30	1
packages/woocommerce/action-scheduler/classes/migration/ActionScheduler_DBStoreMigrator.php	52	2025-11-13T17:48:46+05:30	1
packages/woocommerce/action-scheduler/classes/migration/BatchFetcher.php	95	2025-11-13T17:48:46+05:30	1
packages/woocommerce/action-scheduler/classes/migration/Config.php	196	2025-11-13T17:48:46+05:30	1
packages/woocommerce/action-scheduler/classes/migration/Controller.php	245	2025-11-13T17:48:46+05:30	1
packages/woocommerce/action-scheduler/classes/migration/DryRun_ActionMigrator.php	28	2025-11-13T17:48:46+05:30	1
packages/woocommerce/action-scheduler/classes/migration/DryRun_LogMigrator.php	23	2025-11-13T17:48:46+05:30	1
packages/woocommerce/action-scheduler/classes/migration/LogMigrator.php	58	2025-11-13T17:48:46+05:30	1
packages/woocommerce/action-scheduler/classes/migration/Runner.php	171	2025-11-13T17:48:46+05:30	1
packages/woocommerce/action-scheduler/classes/migration/Scheduler.php	128	2025-11-13T17:48:46+05:30	1
packages/woocommerce/action-scheduler/classes/schedules/ActionScheduler_CanceledSchedule.php	63	2025-11-13T17:48:46+05:30	1
packages/woocommerce/action-scheduler/classes/schedules/ActionScheduler_CronSchedule.php	111	2025-11-13T17:48:46+05:30	1
packages/woocommerce/action-scheduler/classes/schedules/ActionScheduler_IntervalSchedule.php	90	2025-11-13T17:48:46+05:30	1
packages/woocommerce/action-scheduler/classes/schedules/ActionScheduler_NullSchedule.php	39	2025-11-13T17:48:46+05:30	1
packages/woocommerce/action-scheduler/classes/schedules/ActionScheduler_Schedule.php	22	2025-11-13T17:48:46+05:30	1
packages/woocommerce/action-scheduler/classes/schedules/ActionScheduler_SimpleSchedule.php	81	2025-11-13T17:48:46+05:30	1
packages/woocommerce/action-scheduler/classes/schema/ActionScheduler_LoggerSchema.php	101	2025-11-13T17:48:46+05:30	1
packages/woocommerce/action-scheduler/classes/schema/ActionScheduler_StoreSchema.php	145	2025-11-13T17:48:46+05:30	1
packages/woocommerce/action-scheduler/deprecated/ActionScheduler_Abstract_QueueRunner_Deprecated.php	27	2025-11-13T17:48:46+05:30	1
packages/woocommerce/action-scheduler/deprecated/ActionScheduler_AdminView_Deprecated.php	153	2025-11-13T17:48:46+05:30	1
packages/woocommerce/action-scheduler/deprecated/ActionScheduler_Schedule_Deprecated.php	29	2025-11-13T17:48:46+05:30	1
packages/woocommerce/action-scheduler/deprecated/ActionScheduler_Store_Deprecated.php	50	2025-11-13T17:48:46+05:30	1
packages/woocommerce/action-scheduler/deprecated/functions.php	129	2025-11-13T17:48:46+05:30	1
packages/woocommerce/action-scheduler/functions.php	513	2025-11-13T17:48:46+05:30	1
packages/woocommerce/action-scheduler/lib/WP_Async_Request.php	188	2025-11-13T17:48:46+05:30	1
packages/woocommerce/action-scheduler/lib/cron-expression/CronExpression.php	318	2025-11-13T17:48:46+05:30	1
packages/woocommerce/action-scheduler/lib/cron-expression/CronExpression_AbstractField.php	100	2025-11-13T17:48:46+05:30	1
packages/woocommerce/action-scheduler/lib/cron-expression/CronExpression_DayOfMonthField.php	110	2025-11-13T17:48:46+05:30	1
packages/woocommerce/action-scheduler/lib/cron-expression/CronExpression_DayOfWeekField.php	124	2025-11-13T17:48:46+05:30	1
packages/woocommerce/action-scheduler/lib/cron-expression/CronExpression_FieldFactory.php	55	2025-11-13T17:48:46+05:30	1
packages/woocommerce/action-scheduler/lib/cron-expression/CronExpression_FieldInterface.php	39	2025-11-13T17:48:46+05:30	1
packages/woocommerce/action-scheduler/lib/cron-expression/CronExpression_HoursField.php	47	2025-11-13T17:48:46+05:30	1
packages/woocommerce/action-scheduler/lib/cron-expression/CronExpression_MinutesField.php	39	2025-11-13T17:48:46+05:30	1
packages/woocommerce/action-scheduler/lib/cron-expression/CronExpression_MonthField.php	55	2025-11-13T17:48:46+05:30	1
packages/woocommerce/action-scheduler/lib/cron-expression/CronExpression_YearField.php	43	2025-11-13T17:48:46+05:30	1
public/views/ad-edit-bar.php	13	2024-06-04T09:55:49+02:00	1
tests/Unit/Ads/Concrete/AdContentTest.php	64	2026-04-14T19:05:42+03:00	1
tests/Unit/Ads/Concrete/AdDummyTest.php	68	2026-04-14T19:05:42+03:00	1
tests/Unit/Ads/Concrete/AdGroupTest.php	56	2026-04-14T19:05:42+03:00	1
tests/Unit/Ads/Concrete/AdImageTest.php	59	2026-04-14T19:05:42+03:00	1
tests/Unit/Core/InContentInjectorCssSelectorTest.php	273	2026-04-15T16:30:05+03:00	1
tests/Unit/Shortcodes/TheAdShortcodeSecurityTest.php	63	2026-04-27T16:27:18+03:00	1
tests/Unit/Utilities/LicenseTest.php	49	2026-03-08T11:37:47+03:00	1
upgrades/upgrade-2.0.8.php	39	2025-04-25T11:19:52+03:00	1
views/admin/ads/filters.php	121	2026-02-18T17:01:53+05:00	1
views/admin/ads/info-top.php	45	2024-11-25T09:53:27+03:00	1
views/admin/groups/columns/details.php	30	2026-02-18T01:42:35+05:00	1
views/admin/groups/columns/list-row-loop-none.php	19	2026-02-18T01:42:35+05:00	1
views/admin/groups/columns/list-row-loop.php	84	2026-02-18T01:42:35+05:00	1
views/admin/groups/columns/name.php	21	2026-02-18T01:42:35+05:00	1
views/admin/groups/columns/type.php	16	2026-02-18T01:42:35+05:00	1
views/admin/groups/columns/usage.php	19	2026-02-18T01:42:35+05:00	1
views/admin/groups/create-modal.php	77	2026-02-18T01:42:35+05:00	1
views/admin/groups/edit-modal/form.php	118	2026-02-18T01:42:35+05:00	1
views/admin/groups/edit-modal/list-row-option-ads.php	106	2026-02-18T01:42:35+05:00	1
views/admin/header-tabs.php	19	2026-02-14T19:00:36+05:00	1
views/admin/manual-link.php	16	2025-02-10T11:54:05+01:00	1
views/admin/metaboxes/ads/ad-parameters-size.php	37	2024-07-18T16:57:50+03:00	1
views/admin/metaboxes/ads/ad-parameters.php	37	2024-11-07T13:20:09+03:00	1
views/admin/placements/bulk-edit.php	25	2025-02-26T08:55:54+01:00	1
views/admin/placements/columns/ad-group.php	37	2026-02-17T05:42:56+05:00	1
views/admin/placements/columns/conditions.php	40	2026-02-17T05:42:56+05:00	1
views/admin/placements/columns/header-note.php	28	2026-02-17T05:42:56+05:00	1
views/admin/placements/columns/item-select.php	29	2026-02-17T05:42:56+05:00	1
views/admin/placements/columns/name.php	33	2026-02-17T05:42:56+05:00	1
views/admin/placements/columns/type.php	25	2026-02-17T05:42:56+05:00	1
views/admin/placements/columns/usage.php	30	2026-02-17T05:42:56+05:00	1
views/admin/placements/create-modal/new-modal-content.php	94	2024-06-11T11:07:32+02:00	1
views/admin/placements/edit-modal/edit-modal-content.php	46	2024-06-11T11:07:32+02:00	1
views/admin/placements/edit-modal/fields/ad-label-position.php	39	2025-01-30T14:08:57+03:00	1
views/admin/placements/edit-modal/fields/status.php	29	2025-02-10T14:28:59+03:00	1
views/admin/placements/filters.php	26	2026-02-18T01:42:35+05:00	1
views/admin/placements/quick-edit.php	22	2024-10-31T13:46:02+01:00	1
views/admin/screens/onboarding.php	11	2024-06-28T03:38:25+03:00	1
views/admin/screens/ui-toolkit.php	19	2024-07-25T23:57:51+03:00	1
views/admin/settings/general/advanced-js.php	33	2024-11-23T05:28:27+03:00	1
views/admin/settings/general/allow-unfiltered-html.php	31	2024-11-23T05:28:27+03:00	1
views/admin/settings/general/block-bots.php	26	2024-11-23T05:28:27+03:00	1
views/admin/settings/general/content-injection-everywhere.php	51	2024-11-23T05:28:27+03:00	1
views/admin/settings/general/content-injection-level-limitation.php	16	2024-11-23T05:28:27+03:00	1
views/admin/settings/general/content-injection-priority.php	22	2024-11-23T05:28:27+03:00	1
views/admin/settings/general/custom-label.php	29	2024-11-23T05:28:27+03:00	1
views/admin/settings/general/disable-ads.php	100	2024-11-23T05:28:27+03:00	1
views/admin/settings/general/disable-notices.php	21	2024-11-23T05:28:27+03:00	1
views/admin/settings/general/disable-post-types.php	25	2024-11-23T05:28:27+03:00	1
views/admin/settings/general/editors-manage-ads.php	31	2024-11-23T05:28:27+03:00	1
views/admin/settings/general/frontend-prefix.php	14	2024-11-23T05:28:27+03:00	1
views/admin/settings/general/hide-for-ip-address.php	36	2024-11-23T05:28:27+03:00	1
views/admin/settings/general/hide-for-user-role.php	22	2024-11-23T05:28:27+03:00	1
views/admin/settings/general/link-target.php	19	2024-11-23T05:28:27+03:00	1
views/admin/settings/general/uninstall-delete-data.php	17	2024-11-23T05:28:27+03:00	1
views/admin/settings/license/addon-box.php	10	2024-11-23T05:28:27+03:00	1
views/admin/settings/license/section-help.php	31	2024-11-23T05:28:27+03:00	1
views/admin/support/error.php	12	2026-02-23T23:53:14+05:00	1
views/admin/support/faqs/getting-started.php	24	2026-03-05T20:32:24+03:00	1
views/admin/support/searchbox.php	38	2026-02-23T23:53:14+05:00	1
views/admin/table-views-list.php	41	2026-02-17T05:42:56+05:00	1
views/admin/tables/ads/column-debug.php	10	2024-07-29T13:17:04+03:00	1
views/admin/tables/ads/column-displayonce.php	10	2024-07-29T13:17:04+03:00	1
views/admin/tables/ads/column-privacyignore.php	10	2024-07-29T13:17:04+03:00	1
views/admin/tools/page.php	15	2026-02-16T21:27:17+05:00	1
views/admin/tools/plugin-settings.php	105	2026-02-16T21:27:17+05:00	1
views/admin/tools/tab-importers.php	20	2026-02-16T21:27:17+05:00	1
views/admin/tools/tab-status.php	17	2026-02-16T21:27:17+05:00	1
views/admin/tools/tab-version.php	54	2026-02-16T21:27:17+05:00	1
views/admin/upgrades/pro-tab.php	32	2024-11-23T05:28:27+03:00	1
views/admin/widgets/rss-posts.php	39	2024-11-12T14:58:05+01:00	1
views/admin/widgets/wordpress-dashboard/footer.php	19	2024-09-18T16:28:04+02:00	1
views/components/modal.php	45	2026-02-23T23:53:14+05:00	1
views/marketing/ad-metabox-tracking.php	23	2024-11-23T05:28:27+03:00	1
views/spinner.php	11	2024-08-09T23:07:34+03:00	1
admin/views/conditions/condition-number.php	26	2022-11-07T11:38:19+01:00	0
admin/views/conditions/condition-string.php	11	2023-10-18T10:43:46+02:00	0
admin/views/conditions/not-selected.php	3	2021-09-29T11:42:25+02:00	0
admin/views/index.php	1	2018-10-04T15:09:05+02:00	0
admin/views/notices/adblock.php	13	2023-10-30T09:00:47+01:00	0
admin/views/notices/plugin_error.php	1	2022-03-22T13:18:33-05:00	0
admin/views/placement-types.php	29	2022-11-04T10:44:32+01:00	0
admin/views/upgrades/upgrade-link.php	1	2020-05-12T17:15:58+02:00	0
assets/css/index.php	4	2023-08-22T15:28:48+02:00	0
assets/img/index.php	4	2023-08-22T15:28:48+02:00	0
assets/js/index.php	4	2023-08-22T15:28:48+02:00	0
assets/scss/index.php	4	2023-08-22T15:28:48+02:00	0
assets/src/index.php	4	2023-08-22T15:28:48+02:00	0
classes/filesystem.php	165	2023-11-07T16:24:55+01:00	0
deprecated/ad-expiration.php	10	2024-02-19T13:31:56Z	0
deprecated/ad_type_content.php	10	2024-02-19T13:31:56Z	0
deprecated/ad_type_dummy.php	10	2024-02-19T13:31:56Z	0
deprecated/ad_type_group.php	10	2024-02-19T13:31:56Z	0
deprecated/ad_type_image.php	10	2024-02-19T13:31:56Z	0
deprecated/ad_type_plain.php	10	2024-02-19T13:31:56Z	0
deprecated/gadsense-dummy.php	10	2024-04-24T09:13:37+03:00	0
deprecated/placements-ad-label-position.php	30	2024-04-24T11:43:03+02:00	0
includes/abstracts/index.php	4	2023-08-22T15:28:48+02:00	0
includes/admin/class-compatibility.php	44	2024-01-03T09:22:51+01:00	0
includes/admin/class-marketing.php	80	2024-03-04T21:34:59+01:00	0
includes/admin/class-tinymce.php	50	2023-10-18T10:43:46+02:00	0
includes/admin/index.php	4	2023-08-22T15:28:48+02:00	0
includes/admin/metaboxes/class-ad-adsense.php	103	2024-03-13T14:27:30+01:00	0
includes/admin/metaboxes/class-ad-layout.php	65	2024-03-13T14:27:30+01:00	0
includes/admin/metaboxes/class-ad-parameters.php	65	2024-03-13T14:27:30+01:00	0
includes/admin/metaboxes/class-ad-targeting.php	69	2024-03-13T14:27:30+01:00	0
includes/admin/metaboxes/class-ad-types.php	65	2024-03-13T14:27:30+01:00	0
includes/admin/metaboxes/class-ad-usage.php	69	2024-03-13T14:27:30+01:00	0
includes/ads/class-ad-types.php	65	2024-03-13T14:27:30+01:00	0
includes/ads/class-ads.php	54	2024-01-02T13:14:30+01:00	0
includes/ads/types/type-amp.php	93	2024-02-19T13:31:56Z	0
includes/ads/types/type-dummy.php	119	2024-02-19T13:31:56Z	0
includes/ads/types/type-gam.php	92	2024-02-19T13:31:56Z	0
includes/ads/types/type-image.php	292	2024-03-04T21:34:59+01:00	0
includes/cap_map.php	14	2022-11-18T14:27:13+07:00	0
includes/class-autoloader.php	213	2023-12-20T07:49:33+01:00	0
includes/functions-core.php	44	2024-03-31T01:08:11+03:00	0
includes/groups/class-group-ordered.php	19	2024-03-13T14:27:30+01:00	0
includes/groups/class-group-standard.php	44	2024-02-19T13:31:56Z	0
includes/groups/class-group-types.php	59	2024-03-13T14:27:30+01:00	0
includes/groups/class-groups.php	54	2024-01-02T11:42:33+01:00	0
includes/groups/index.php	4	2024-01-02T11:42:33+01:00	0
includes/index.php	4	2023-08-22T15:28:48+02:00	0
includes/installation/index.php	4	2024-01-04T10:18:46+01:00	0
includes/interfaces/index.php	4	2023-08-22T15:28:48+02:00	0
includes/interfaces/interface-ad-type.php	74	2024-02-19T13:31:56Z	0
includes/interfaces/interface-group-type.php	60	2024-01-02T11:42:33+01:00	0
includes/interfaces/interface-group.php	18	2024-01-02T11:42:33+01:00	0
includes/interfaces/interface-importer.php	67	2024-03-28T17:59:14+03:00	0
includes/interfaces/interface-placement.php	18	2024-01-02T14:00:06+01:00	0
includes/load_modules.php	76	2023-09-13T19:42:14+05:00	0
includes/placements/class-placement-after-content.php	21	2024-01-02T14:00:06+01:00	0
includes/placements/class-placement-before-content.php	21	2024-01-02T14:00:06+01:00	0
includes/placements/class-placement-content.php	21	2024-01-02T14:00:06+01:00	0
includes/placements/class-placement-footer.php	21	2024-01-02T14:00:06+01:00	0
includes/placements/class-placement-header.php	21	2024-01-02T14:00:06+01:00	0
includes/placements/class-placement-sidebar-widget.php	21	2024-01-02T14:00:06+01:00	0
includes/placements/class-placement-standard.php	21	2024-01-02T14:00:06+01:00	0
includes/placements/class-placements.php	54	2024-03-04T21:34:59+01:00	0
includes/placements/index.php	4	2024-01-02T14:00:06+01:00	0
includes/traits/index.php	4	2023-08-22T15:28:48+02:00	0
includes/utilities/index.php	4	2023-08-22T15:28:48+02:00	0
index.php	4	2023-08-22T15:28:48+02:00	0
languages/index.php	4	2023-08-22T15:28:48+02:00	0
modules/ad-blocker/config.php	12	2022-11-18T14:27:13+07:00	0
modules/ad-blocker/main.php	24	2021-08-13T11:19:27+02:00	0
modules/ad-positioning/classes/ad-positioning.php	215	2024-02-19T13:31:56Z	0
modules/ad-positioning/views/ad-positioning.php	49	2024-02-19T13:31:56Z	0
modules/adblock-finder/config.php	12	2022-11-18T14:27:13+07:00	0
modules/adblock-finder/main.php	9	2021-05-18T10:29:25+02:00	0
modules/ads-txt/config.php	17	2022-11-18T14:27:13+07:00	0
modules/ads-txt/includes/class-advanced-ads-ads-txt-real-file.php	97	2022-11-18T14:27:13+07:00	0
modules/ads-txt/includes/class-advanced-ads-ads-txt-strategy.php	220	2022-11-18T14:27:13+07:00	0
modules/ads-txt/includes/class-advanced-ads-ads-txt-utils.php	188	2022-11-18T14:27:13+07:00	0
modules/gadsense/admin/views/adsense-report.php	37	2022-11-18T14:27:13+07:00	0
modules/gadsense/admin/views/auto-ads-video.php	15	2019-12-29T12:43:13+01:00	0
modules/gadsense/admin/views/borlabs-cookie-auto-ads-warning.php	11	2022-11-18T14:27:13+07:00	0
modules/gadsense/admin/views/external-ads-adsense.php	1	2019-10-31T18:17:58+01:00	0
modules/gadsense/admin/views/settings/amp-auto-ads.php	15	2021-03-08T19:38:49Z	0
modules/gadsense/includes/types/type-adsense.php	200	2024-03-13T14:27:30+01:00	0
modules/gadsense/main.php	32	2024-01-10T09:01:32+01:00	0
modules/gadsense/public/templates/page-level.php	66	2021-08-23T10:26:33+02:00	0
modules/gutenberg/config.php	11	2022-11-18T14:27:13+07:00	0
modules/gutenberg/main.php	4	2018-03-15T23:38:28+03:00	0
modules/one-click/admin/index.php	4	2024-04-16T03:19:02+03:00	0
modules/one-click/main.php	21	2024-04-16T03:19:02+03:00	0
modules/one-click/modules/class-tags-conversion.php	112	2024-04-16T03:19:02+03:00	0
modules/one-click/modules/class-traffic-cop.php	49	2024-04-16T03:23:32+03:00	0
modules/privacy/admin/views/setting-ad-ignore-consent.php	25	2020-09-11T12:52:58+02:00	0
modules/privacy/config.php	10	2022-11-18T14:27:13+07:00	0
modules/privacy/main.php	22	2023-10-18T10:43:46+02:00	0
packages/advanced-ads/framework/src/class-json.php	253	2023-09-13T19:42:14+05:00	0
packages/advanced-ads/framework/src/class-loader.php	228	2023-09-13T19:42:14+05:00	0
packages/advanced-ads/framework/src/form/class-field-selector.php	37	2023-12-19T05:20:28+03:00	0
packages/advanced-ads/framework/src/index.php	4	2023-09-13T19:42:14+05:00	0
packages/advanced-ads/framework/src/interfaces/index.php	4	2023-09-13T19:42:14+05:00	0
packages/advanced-ads/framework/src/notices/class-manager.php	91	2023-09-13T19:42:14+05:00	0
packages/advanced-ads/framework/src/notices/class-notice.php	258	2024-03-13T19:02:35+01:00	0
packages/advanced-ads/framework/src/notices/class-storage.php	177	2023-09-13T19:42:14+05:00	0
public/assets/css/index.php	0	2013-11-24T17:04:35+01:00	0
public/assets/index.php	0	2013-11-24T17:04:35+01:00	0
public/assets/js/index.php	0	2013-11-24T17:04:35+01:00	0
public/includes/index.php	0	2013-11-24T17:04:35+01:00	0
public/views/index.php	0	2013-11-24T17:04:35+01:00	0
public/views/public.php	15	2013-11-24T17:04:35+01:00	0
upgrades/index.php	4	2023-12-28T18:32:38+03:00	0
upgrades/upgrade-1.48.4.php	43	2024-02-23T10:01:35Z	0
upgrades/upgrade-1.48.5.php	32	2024-04-02T08:36:52+02:00	0
views/admin/feedback-disable.php	91	2024-03-07T12:08:02+01:00	0
views/admin/index.php	4	2023-09-13T19:46:45+05:00	0
views/admin/metaboxes/ads/ad-gadsense-dashboard.php	32	2024-03-07T12:08:02+01:00	0
views/admin/metaboxes/ads/ad-info-after-textarea.php	43	2024-02-19T13:31:56Z	0
views/admin/metaboxes/ads/ad-targeting.php	54	2024-02-19T13:31:56Z	0
views/admin/metaboxes/ads/ad-usage-notes.php	28	2024-02-19T13:31:56Z	0
views/admin/metaboxes/ads/ad-usage-shortcodes.php	30	2024-02-19T13:31:56Z	0
views/admin/metaboxes/ads/ad-usage.php	18	2024-02-19T13:31:56Z	0
views/admin/metaboxes/ads/post-ad-settings.php	25	2024-02-19T13:31:56Z	0
views/admin/placements/create-modal/item-select.php	23	2024-03-13T14:27:30+01:00	0
views/admin/placements/edit-modal/fields/ad-label.php	24	2024-03-04T21:34:59+01:00	0
views/admin/placements/edit-modal/fields/inline-css.php	17	2024-03-04T21:34:59+01:00	0
views/admin/placements/edit-modal/fields/item.php	34	2024-03-04T21:34:59+01:00	0
views/admin/placements/edit-modal/fields/name.php	18	2024-03-04T21:34:59+01:00	0
views/admin/tables/ads/column-adsense.php	12	2024-02-12T10:41:48+01:00	0
views/admin/tables/ads/column-date.php	22	2024-01-03T15:56:26+01:00	0
views/admin/tables/ads/column-description.php	15	2024-01-03T15:56:26+01:00	0
views/admin/tables/ads/column-shortcode.php	13	2024-01-03T15:56:26+01:00	0
views/admin/tables/ads/column-size.php	16	2024-01-08T17:18:26+03:00	0
views/admin/tables/ads/column-timing.php	22	2024-01-03T15:56:26+01:00	0
views/admin/tables/ads/column-used.php	48	2024-05-06T18:48:24+03:00	0
views/admin/tables/ads/icon-status.php	18	2024-01-04T10:18:46+01:00	0
views/index.php	4	2023-09-13T19:46:45+05:00	0
views/marketing/ad-metabox-all-access.php	23	2024-01-10T11:13:49+01:00	0
views/notices/ad-disable-post-type.php	21	2024-02-19T13:31:56Z	0
views/notices/create-first-ad.php	39	2024-02-19T13:31:56Z	0
